N_registro,Expediente,Region,Departamento,Municipio,Canton,Propietario,M_propietario,F_propietario,Agencia,Tecnico,Objetivo,Uso_Suelo,Clase_Agrologica,Fecha_Solicitud,Fecha_Inspeccion,Fecha_Informe,Fecha_Emision,Fecha_Retiro,Vigencia_Dias,Tipo_Documento,Arboles_Solicitados,Arboles_Denegados,Arboles_Autorizados,Especie,Volumen_Fuste_m3,Volumen_Rama_m3,Volumen_Lena_m3,Volumen_Total_m3,X_DMS,Y_DMS,m2,Longitude,Latitude
1.0,RIV/OS/169/2025,IV,Morazán,Perquin,Casa blanca,Mario Orlando Vigil Ramos,1.0,,Osicala,Amner Leon,Aprovechamiento De Arboles Dañados,Bosque Natural,IV,2025-09-10,2025-10-25,2025-10-26,2025-11-28,2026-05-04,30.0,Autorización,10,0,10,Pino ocote,11.62,0,0.9,14.52,-88°09'24.1'',13°57'30.8'',7800,-88.15669444444445,13.958555555555554
2.0,RIV/OS/08/2026,IV,Morazán,Arambala,Pueblo viejo,Jose Luis Ventura Rodriguez,1.0,,Osicala,Amner Leon,Aprovechamiento De Arboles Dañados,Bosque Natural,IV,2026-04-23,2026-01-20,2026-01-20,2026-05-04,2026-05-11,30.0,Autorización,25,8,17,Pino ocote,20.79,0,0.95,29.74,-88˚09’ 07.3” ,13°55'36.9'',539000,-88.15202777777779,13.926916666666665
3.0,RIV/OS/21/2026,IV,Morazán,Torola,Agua zarca,Maria Concepcion Argueta Del Cid,,1.0,Osicala,Amner Leon,Aprovechamiento De Arboles Dañados,Bosque Natural,IV,2026-01-26,2026-01-28,2026-02-02,2026-03-20,2026-05-15,30.0,Autorización,1,0,1,Pino ocote,1.53,0,0.75,2.28,-88°12'51.2'',13°56'41.8'',7307,-88.21422222222222,13.944944444444445
4.0,RIV/OS/32/2026,IV,Morazán,San fernando,Azacualpa,Francisco Amaya Ventura,1.0,,Osicala,Amner Leon,Aprovechamiento De Arboles Dañados,Bosque Natural,IV,2025-11-17,2026-02-11,2026-02-13,2026-05-04,2026-05-08,30.0,Autorización,10,4,6,Pino ocote,8.46,0,1.35,9.81,-88°13'07.4'',13°58'11.5'',58356.14,-88.21872222222223,13.969861111111111
5.0,RIV/OS/43/2026,IV,Morazán,San fernando,Cañaverales,Maria Clelia Argueta De Alvarado,,1.0,Osicala,Amner Leon,Aprovechamiento De Arboles Dañados,Bosque Natural,IV,2026-03-02,2026-03-27,2026-03-28,2026-05-04,2026-05-11,30.0,Autorización,15,8,7,Pino ocote,9.76,0,3.2,12.96,-88°12'55.4'',13°56'47.7'',420000.13,-88.2153888888889,13.946583333333333
6.0,RIV/OS/44/2026,IV,Morazán,Arambala,Tierra colorada,Oscar Armando Hernandez,1.0,,Osicala,Amner Leon,Peligro Y/O Vida E Infraestructura,Lote Habitacional,IV,2025-10-01,2026-02-17,2026-02-19,2026-05-04,2026-05-08,30.0,Autorización,1,0,1,Cedro,1.03,0.32,0.5,1.85,-88°07'52.1'',13°55'33.8'',611.67,-88.13113888888888,13.926055555555555
7.0,RIV/OS/52/2026,IV,Morazán,Perquin,Casa blanca,Leonidas Argueta Chicas,1.0,,Osicala,Amner Leon,Aprovechamiento De Arboles Dañados,Bosque Natural,IV,2026-02-03,2026-02-26,2026-03-03,2026-05-04,2026-05-08,30.0,Autorización,3,1,2,Pino ocote,2.74,0,0.8,3.54,-88°08'29.5'',13°57'44.5'',28598.62,-88.14152777777778,13.962361111111111
8.0,RIV/OS/53/2026,IV,Morazán,Arambala,Carrizal,Irma Domitila Benitez,,1.0,Osicala,Amner Leon,Aprovechamiento De Arboles Dañados,Bosque Natural,IV,2026-03-06,2026-02-26,2026-03-04,2026-05-04,2026-05-08,30.0,Autorización,5,2,3,Pino ocote,2.7,0,1.25,3.95,-88°07'12.8'',13°58'58.9'',2394.93,-88.12022222222221,13.983027777777778
9.0,RIV/OS/56/2026,IV,Morazán,San simon,San francisco,Alma Liduvina Ferrufino Renderos,,1.0,Osicala,Amner Leon,Aprovechamiento De Arboles Dañados,Bosque Natural,IV,2026-03-06,2026-03-10,2026-03-11,2026-04-28,2026-05-08,30.0,Opinión Técnica,1,0,1,Almendro de rio,0.23,0,0.6,0.83,-88°13'21.3'',13°50'24.4'',16.8,-88.22258333333333,13.840111111111112
,RIV/OS/56/2026,IV,Morazán,San simon,San francisco,Alma Liduvina Ferrufino Renderos,,,Osicala,Amner Leon,Aprovechamiento De Arboles Dañados,Bosque Natural,IV,2026-03-06,2026-03-10,2026-03-11,2026-04-28,2026-05-08,30.0,Opinion Tecnica,1,0,1,Maquilishuat,0.24,0,0.4,0.64,-88°13'20.8'',13°50'25.4'','',-88.22244444444445,13.840388888888889
,RIV/OS/56/2026,IV,Morazán,San simon,San francisco,Alma Liduvina Ferrufino Renderos,,,Osicala,Amner Leon,Aprovechamiento De Arboles Dañados,Bosque Natural,IV,2026-03-06,2026-03-10,2026-03-11,2026-04-28,2026-05-08,30.0,Opinion Tecnica,1,0,1,Copinol,0.34,0,0.4,0.74,-88°13'20.5'',13°50'26.0'','',-88.22236111111111,13.840555555555556
,RIV/OS/56/2026,IV,Morazán,San simon,San francisco,Alma Liduvina Ferrufino Renderos,,,Osicala,Amner Leon,Aprovechamiento De Arboles Dañados,Bosque Natural,IV,2026-03-06,2026-03-10,2026-03-11,2026-04-28,2026-05-08,30.0,Opinion Tecnica,1,0,1,Carreto negro,0.52,0,0.4,0.92,-88°13'26.3'',13°50'26.2'','',-88.22397222222223,13.840611111111112
10.0,RIV/OS/58/2026,IV,Morazán,Arambala,Tierra colorada,Vidal Marquez,,1.0,Osicala,Amner Leon, Aprovechamiento De Arboles Aislados,Agricola,IV,2026-03-09,2026-03-19,2026-03-20,2026-03-28,2026-05-08,30.0,Opinion Tecnica,1,0,1,Bario,0.84,0,0.5,1.34,-88°06'34.4'',13°55'13.3'',50062.65,-88.10955555555554,13.920361111111111
,RIV/OS/58/2026,IV,Morazán,Arambala,Tierra colorada,Vidal Marquez,,,Osicala,Amner Leon, Aprovechamiento De Arboles Aislados,Agricola,IV,2026-03-09,2026-03-19,2026-03-20,2026-03-28,2026-05-08,30.0,Opinion Tecnica,1,0,1,Conacaste negro,0.52,0,0.4,0.92,-88°06'29.9'',13°55'10.4'','',-88.10830555555555,13.919555555555554
11.0,RIV/OS/60/2026,IV,Morazán,Meanguera,Guacamaya,Crisanto Chica Chica,1.0,,Osicala,Amner Leon,Peligro Y/O Vida E Infraestructura,Lote Habitacional,IV,2026-03-10,2026-03-24,2026-03-25,2026-04-28,2026-05-15,30.0,Opinion Tecnica,2,0,2,Morazan,0,0,0.2,0.2,-88°06'48.0'',13°53'52.7'',870.91,-88.11333333333333,13.897972222222222
,RIV/OS/60/2026,IV,Morazán,Meanguera,Guacamaya,Crisanto Chica Chica,,,Osicala,Amner Leon,Peligro Y/O Vida E Infraestructura,Lote Habitacional,IV,2026-03-10,2026-03-24,2026-03-25,2026-04-28,2026-05-15,30.0,Opinion Tecnica,1,0,1,Laurel,0.36,0,0.4,0.76,-88°06'48.4,13°53'50.9'','',-88.11344444444444,13.897472222222222
12.0,RIV/OS/61/2026,IV,Morazán,Arambala,Tierra colorada,Maria Adelinda Claros Pereira,,1.0,Osicala,Amner Leon,Peligro Y/O Vida E Infraestructura,Bosque Natural,IV,2026-03-10,2026-03-17,2026-03-20,2026-05-14,2026-05-18,30.0,Autorizacion,1,0,1,Cedro,0.84,0.48,0.5,1.82,-88°06'47.9'',13°54'20.7'',5191.38,-88.11330555555556,13.905750000000001
,RIV/OS/61/2026,IV,Morazán,Arambala,Tierra colorada,Maria Adelinda Claros Pereira,,,Osicala,Amner Leon,Peligro Y/O Vida E Infraestructura,Bosque Natural,IV,2026-03-10,2026-03-17,2026-03-20,2026-05-14,2026-05-18,30.0,Autorizacion,1,0,1,Copinol,0.79,0,0.75,1.54,-88°06'47.9'',13°54'21.8'','',-88.11330555555556,13.906055555555556
13.0,RIV/OS/64/2026,IV,Morazán,Chilanga,El pedernal,Juan Ponce,1.0,,Osicala,Amner Leon,Peligro Y/O Vida E Infraestructura,Bosque Natural,IV,2026-03-16,2026-03-26,2026-03-30,2026-04-28,2026-05-08,30.0,Opinion Tecnica,1,0,1,Conacaste negro,2.17,1.57,1.5,5.24,-88°07'08.1,13°44'24.7'',2724.7,-88.11891666666666,13.740194444444443
,RIV/OS/64/2026,IV,Morazán,Chilanga,El pedernal,Juan Ponce,,,Osicala,Amner Leon,Peligro Y/O Vida E Infraestructura,Bosque Natural,IV,2026-03-16,2026-03-26,2026-03-30,2026-04-28,2026-05-08,30.0,Opinion Tecnica,1,0,1,Ojushte,1.83,0,1,2.83,-88°07'08.8'',13°44'25.7'','',-88.11911111111111,13.740472222222222
14.0,RIV/OS/68/2026,IV,Morazán,San francisco gotera,San josé,Claudia Sofia Gonzalez De Rodriguez,,1.0,Osicala,Amner Leon,Aprovechamiento De Arboles Aislados,Agricola,V,2026-03-25,2026-04-07,2026-04-08,2026-05-07,2026-05-08,30.0,Opinion Tecnica,1,0,1,Conacaste negro,1.42,1.12,1,3.54,-88°06'34.7'',13°40'34.7'',15436.8,-88.10963888888888,13.676305555555555
,RIV/OS/68/2026,IV,Morazán,San francisco gotera,San josé,Claudia Sofia Gonzalez De Rodriguez,,,Osicala,Amner Leon,Aprovechamiento De Arboles Aislados,Agricola,V,2026-03-25,2026-04-07,2026-04-08,2026-05-07,2026-05-08,30.0,Opinion Tecnica,2,0,2,Laurel,0.49,0,0.3,0.79,-88°06'39.0'',13°40'34.5'','',-88.11083333333333,13.67625
15.0,RIV/OS/69/2026,IV,Morazán,Osicala,Agua zarca,Enrique Caballero Garcia,1.0,,Osicala,Amner Leon,Aprovechamiento De Arboles Aislados,Pastizal,IV,2026-03-27,2026-04-07,2026-04-08,2026-05-07,2026-05-08,30.0,Opinion Tecnica,4,0,4,Laurel,0.94,0,0.7,1.64,-88°10'20.7'',13°49'15.9'',28000,-88.17241666666668,13.821083333333332
,RIV/OS/69/2026,IV,Morazán,Osicala,Agua zarca,Enrique Caballero Garcia,,,Osicala,Amner Leon,Aprovechamiento De Arboles Aislados,Pastizal,IV,2026-03-27,2026-04-07,2026-04-08,2026-05-07,2026-05-08,30.0,Opinion Tecnica,1,0,1,Quebracho,0.78,0,0.4,1.18,-88°08'08.1'',13°50'29.7'','',-88.13558333333334,13.841583333333334
,RIV/OS/69/2026,IV,Morazán,Osicala,Agua zarca,Enrique Caballero Garcia,,,Osicala,Amner Leon,Aprovechamiento De Arboles Aislados,Pastizal,IV,2026-03-27,2026-04-07,2026-04-08,2026-05-07,2026-05-08,30.0,Opinion Tecnica,1,0,1,Conacaste negro,2.9,0,0.75,3.65,-88°10'20.1'',13°49'16.4'','',-88.17225,13.821222222222222
,RIV/OS/69/2026,IV,Morazán,Osicala,Agua zarca,Enrique Caballero Garcia,,,Osicala,Amner Leon,Aprovechamiento De Arboles Aislados,Pastizal,IV,2026-03-27,2026-04-07,2026-04-08,2026-05-07,2026-05-08,30.0,Opinion Tecnica,1,0,1,Carreto negro,0.88,0,0.5,1.38,-88°10'20.4'',13°49'15.9'','',-88.17233333333334,13.821083333333332
16.0,RIV/OS/70/2026,IV,Morazán,San francisco gotera,San francisquito,Santos Amparo Munguia De Romero,,1.0,Osicala,Amner Leon,Aprovechamiento De Arboles Aislados,Pastizal,IV,2026-03-27,2026-04-07,2026-04-08,2026-05-07,2026-05-08,30.0,Opinion Tecnica,1,0,1,Conacaste negro,2.99,0.5,1,4.49,-88°07'47.1'',13°40'06.2'',1500.1,-88.12974999999999,13.668388888888888
17.0,RIV/OS/71/2026,IV,Morazán,Osicala,La montaña,Yanira Del Carmen Gomez,,1.0,Osicala,Amner Leon,Aprovechamiento De Arboles Aislados,Lote Habitacional,IV,2026-04-07,2026-04-08,2026-04-09,2026-05-07,2026-05-15,30.0,Opinion Tecnica,1,0,1,Copinol,0.57,0.82,0.75,2.14,-88°11'21.8,13°48'22.1'',1887.29,-88.1893888888889,13.80613888888889
18.0,RIV/OS/73/2026,IV,Morazán,Osicala,Agua zarca,Antonio Paz Garcia,1.0,,Osicala,Amner Leon,Peligro Y/O Vida E Infraestructura,Pastizal,IV,2026-04-10,2026-04-14,2026-04-15,2026-05-07,2026-05-08,30.0,Opinion Tecnica,1,0,1,Conacaste negro,0.52,0,0.5,1.02,-88°09'51.7'',13°48'27.4'',4389.21,-88.16436111111112,13.807611111111111
19.0,RIV/OS/77/2026,IV,Morazán,Osicala,Agua zarca,Luis Martinez Diaz,1.0,,Osicala,Amner Leon,Aprovechamiento De Arboles Aislados,Pastizal,IV,2026-04-16,2026-04-28,2026-04-29,2026-05-07,2026-05-18,30.0,Opinion Tecnica,1,0,1,Maquilishuat,0,0,0.2,0.2,-88°10'07.9'',13°48'53.7'',2994.85,-88.16886111111111,13.814916666666667
20.0,RIV/OS/78/2026,IV,Morazán,Osicala,Agua zarca,Maria Celia De Mejia De Mejia,,1.0,Osicala,Amner Leon,Aprovechamiento De Arboles Aislados,Pastizal,IV,2026-04-17,2026-04-23,2026-04-24,2026-05-07,2026-05-12,30.0,Opinion Tecnica,3,0,3,Quebracho,1.07,0,1.5,3.37,-88°10'08.5'',13°48'51.5'',14961,-88.16902777777779,13.814305555555556
21.0,RIV US 33 2026,IV,Usulután,Jiquilisco,Tierra blanca,María Esmeralda Rivera Díaz ,,1.0,Usulután,Wilfredo Flores,"Peligro Y/O Daño, Vidas/Infraestructura",Lote Para Vivienda,II,2026-04-30,2026-05-06,2026-05-06,2026-05-07,2026-05-15,30.0,Opinion Tecnica ,1,0,1,Ceiba,10.63,3.49,3.5,17.62,-88°40'12.2'',13°18'53.5'',1029160,-88.67005555555556,13.314861111111112
22.0,RIV US 32 2026,IV,Usulután,Jiquilisco,Los esperanza,Nelson Candelario Rivera Hernandez ,1.0,,Usulután,Wilfredo Flores,"Peligro Y/O Daño, Vidas/Infraestructura",Huerto Casero Mixto,III,2026-04-22,2026-04-27,2026-04-27,2026-05-07,2026-05-18,30.0,Opinion Tecnica ,2,0,2,Conacaste negro,18.88,20.31,8,47.19,-88°33'07.9'',13°21'44.0'',17853.53,-88.55219444444444,13.362222222222222
23.0,RIV US 285 2026,IV,Usulután,Santa elena,Joya ancha,Sonia Isabel Mejia Polio,,1.0,Usulután,Wilfredo Flores,"Peligro Y/O Daño, Vidas/Infraestructura",Corral De Ganado,IV,263-03-16,2026-04-08,2026-04-08,2026-04-22,2026-04-27,30.0,Opinion Tecnica ,1,0,1,Conacaste negro,10.21,4.5,3,17.71,-88°23'56.7'',13°24'38.1'',3059.54,-88.39908333333334,13.410583333333333
24.0,RIV US 30 2026,IV,Usulután,Jiquilisco,San predo,Juan Lopez Cruz ,1.0,,Usulután,Wilfredo Flores,"Peligro Y/O Daño, Vidas/Infraestructura",Terreno Agricola ,III,2026-04-13,2026-04-15,2026-04-15,2026-04-22,2026-04-27,60.0,Opinion Tecnica ,8,3,5,"Conacaste negro, conacaste blanco",18.39,29.1,16,63.49,-88°40'06.5'',13°24'27.2'',56714,-88.66847222222222,13.407555555555556
25.0,RIV US 27 2026,IV,Usulután,Concepccion batres,El porvenir,Santiago De Jesus Batres Santos,1.0,,Usulután,Wilfredo Flores,"Peligro Y/O Daño, Vidas/Infraestructura",Lote Para Vivienda,II,2026-04-07,2026-04-08,2026-04-08,2026-04-22,2026-04-28,45.0,Opinion Tecnica ,2,1,1,Conacaste negro,12.09,31.65,5.5,49.24,-88°19'18.7'',13°20'21.8'',1259.47,-88.3218611111111,13.33938888888889
26.0,RIV US 26 2026,IV,Usulután,Ereguayquin,Analco,Silvia Margarita Guerrero Ramos ,,1.0,Usulután,Wilfredo Flores,"Peligro Y/O Daño, Vidas/Infraestructura",Lote Para Vivienda,III,2026-03-27,2026-04-14,2026-04-14,2026-04-22,2026-04-24,30.0,Opinion Tecnica ,2,0,2,Maquilishuat,3.07,1.11,2.5,6.7,-88°23'09.5'',13°21'31.2'',512.84,-88.38597222222224,13.358666666666666
27.0,RIV SM 360 2026,IV,La union,El carmen,Olomega,Claudia Patrica Lovo Orellana ,,1.0,San Miguel ,Jesus Manuel Gonzalez ,Aprovechamiento De Aboles En Peligro Y O Vidas A Infraestructura ,Arboles En Contorno,IV,2026-05-05,2026-05-05,2026-05-05,2026-05-05,2026-05-06,30.0,Opinion Tecnica ,1,0,1,Carreto negro,1.62,0.83,2,5.45,-88° 01’ 30.4” ,13˚ 19’26.8” ,525.3,-88.02511111111112,13.324111111111112
28.0,RIV SM 101 2026,IV,Morazan,Yamabal,Loma del chile,Cblanca Luz Ventura De Rivera ,,1.0,San Miguel,Jesus Manuel Gonzalez,Aprovechamiento De Arboles Frutales Y Otros Cultivos Agricolas Permanentes,Huerto Casero Mixto,IV,2026-01-08,2026-02-11,2026-02-18,2026-03-12,2026-05-13,30.0,Opinion Tecnica ,18,0,18,Laurel ,8.81,0,1.7,10.51,-88°11 ’06.3 ” ,13˚ 41’44.3” ,295930.46,-88.18508333333334,13.695638888888888
29.0,RIV SM 377 2026,IV,Morazan,Sociedad,Las animas,Reina Del Carmen Funes Blanco ,,1.0,San Miguel,Jesus Manuel Gonzalez,Aprovechamiento De Aboles En Peligro Y O Vidas A Infraestructura ,Arboles En Contorno,IV,2026-05-18,2026-05-18,2026-05-18,2026-05-18,2026-05-20,30.0,Opinion Tecnica ,2,0,2,Copinol,0,0,3.29,3.29,-88˚ 00´00.7”,13˚ 40’ 27.0” ,425.03,-88.00019444444445,13.674166666666666
30.0,RIV SM 93 2026,IV,Usulutan,Berlin,San isidro,Pedro Martir Serrano Orellana,1.0,,San Miguel,Jesus Manuel Gonzalez ,Aprovechamiento De Aboles En Peligro Y O Vidas A Infraestructura ,Arboles En Contorno,IV,2026-02-16,2026-04-10,2026-04-28,2026-05-05,2026-05-06,50.0,Opinion Tecnica ,4,0,4,Conacaste negro ,13.2,7.88,6.5,27.58,-88˚ 36´01.4”,13˚ 31’ 35.4” ,3400.94,-88.60038888888889,13.5265
31.0,RIV SM 114,IV,Usulutan,El triunfo,El palon,Osmin Antonio Torres,1.0,,San Miguel,Jesus Manuel Gonzalez,Aprovechamiento De Arboles Frutales Y Otros Cultivos Agricolas Permanentes,Agricola,IV,2026-02-23,2026-04-28,2026-05-04,2026-05-06,2026-05-07,30.0,Opinion Tecnica ,3,0,3,Conacaste negro,7.31,4.33,5.5,14.14,-88˚ 25´31.3”,13˚ 35’ 13.7” ,20497.5,-88.42536111111112,13.587138888888889
32.0,RIV SM 362 2025,IV,La union,El carmen ,El gavilan,Osmar Abilio Herrera Alvarez,1.0,,San Miguel,Jesus Manuel Gonzalez ,Aprovechamiento De Aboles En Peligro Y O Vidas A Infraestructura ,Arboles En Contorno,IV,2026-05-06,2026-05-06,2026-05-06,2026-05-06,2026-05-07,30.0,Opinion Tecnica ,1,0,1,Ceiba,0,0,7.91,7.91,-87˚ 57´42.5”,13˚ 20’ 25.4” ,3225.3,-87.96180555555556,13.340388888888889
33.0,RIV SM 364 2026,IV,La union,Conchagua,El jaguey,Rosendo Hernandez Y Norma Elizabeth Berrios Cañas,1.0,,San Miguel,Jesus Manuel Gonzalez,Aprovechamiento De Arboles Frutales Y Otros Cultivos Agricolas Permanentes,Arboles En Contorno,IV,2026-03-13,2026-05-04,2026-05-06,2026-05-06,2026-05-08,30.0,Opinion Tecnica ,2,0,2,Casuarina,0,0,3.44,3.44,-87˚ 55´26.5”,13˚ 09’ 28.0” ,1316.13,-87.92402777777778,13.157777777777778
34.0,RIV SM 79 2026,IV,San miguel,Lolotique,San francisco,Maria Guillermina Diaz Perdomo,,1.0,San Miguel,Juan Francisco Alfaro,Aprovechamiento De Arboles Frutale Y Arboles Aislados Otros Cultivos Agricolas Permanente,Pastizal Pecuario,IV,2026-02-09,2026-04-10,2026-04-10,2026-04-17,2026-04-28,30.0,Opinion Tecnica,2,0,2,Conacaste negro,7.06,1.25,0.35,8.659999999999998,-882236.1,133907-3,8743,-88.37669444444444,13.652027777777779
35.0,RIV SM 66 2026,IV,La union,Pasaquina,Cerro pelon,Jose Alfredo Escobar,1.0,,San Miguel,Juan Francisco Alfaro,Aprovechachamiento De Arboles Frutales Y Arboles Aislados Otros Cultivos Agricolas Permanentes,Pastizal Pecuario,IV,2026-02-02,2026-04-22,2026-04-22,2026-04-24,2026-04-28,30.0,Opinion Tecnica,2,0,2,Conacaste negro,4.6,0,2.15,6.75,-874938.1,133512.7,157500,-87.82724999999999,13.586861111111112
,RIV SM 66 2026,IV,La union,Pasaquina,Cerro pelon,Jose Alfredo Escobar,,,San Miguel,Juan Francisco Alfaro,Aprovechachamiento De Arboles Frutales Y Arboles Aislados Otros Cultivos Agricolas Permanentes,Pastizal Pecuario,IV,2026-02-02,2026-04-22,2026-04-22,2026-04-24,2026-04-28,30.0,Opinion Tecnica,1,0,1,Conacaste blanco,1.34,0,1.01,2.35,-874936.9,133513.4,157500,-87.82691666666666,13.587055555555557
36.0,RIV SM 126 2026,IV,San miguel,San miguel,San jacinto,Edgar Antonio Rivera Merlos,1.0,,San Miguel,Juan Francisco Alfaro,Aprovechamiento De Arboles Frutale Y Arboles Aislados Otros Cultivos Agricolas Permanentes,Agricola Y Ganadero,IV,2026-02-26,2026-03-20,2026-03-20,2026-04-09,2026-04-28,40.0,Opinion Tecnica,5,0,5,Conacaste blanco,0,0,1.84,1.84,-881126.9,133602.4,26395.53,-88.19080555555556,13.600666666666667
,RIV SM 126 2026,IV,San miguel,San miguel,San jacinto,Edgar Antonio Rivera Merlos,,,San Miguel,Juan Francisco Alfaro,Aprovechamiento De Arboles Frutale Y Arboles Aislados Otros Cultivos Agricolas Permanentes,Agricola Y Ganadero,IV,2026-02-26,2026-03-20,2026-03-20,2026-04-09,2026-04-28,40.0,Opinion Tecnica,6,0,6,Zorriloo,0,0,0.74,0.74,-881126.8,133602.1,26395.53,-88.19077777777778,13.600583333333333
,RIV SM 126 2026,IV,San miguel,San miguel,San jacinto,Edgar Antonio Rivera Merlos,,,San Miguel,Juan Francisco Alfaro,Aprovechamiento De Arboles Frutale Y Arboles Aislados Otros Cultivos Agricolas Permanentes,Agricola Y Ganadero,IV,2026-02-26,2026-03-20,2026-03-20,2026-04-09,2026-04-28,40.0,Opinion Tecnica,5,0,5,Salamo,0,0,0.23,0.23,-881126,133601.8,26395.53,-88.19055555555556,13.6005
,RIV SM 126 2026,IV,San miguel,San miguel,San jacinto,Edgar Antonio Rivera Merlos,,,San Miguel,Juan Francisco Alfaro,Aprovechamiento De Arboles Frutale Y Arboles Aislados Otros Cultivos Agricolas Permanentes,Agricola Y Ganadero,IV,2026-02-26,2026-03-20,2026-03-20,2026-04-09,2026-04-28,40.0,Opinion Tecnica,5,0,5,Pintadillo,0,0,0.09,0.09,-881126.1,133601.1,26395.53,-88.19058333333334,13.600305555555556
,RIV SM 126 2026,IV,San miguel,San miguel,San jacinto,Edgar Antonio Rivera Merlos,,,San Miguel,Juan Francisco Alfaro,Aprovechamiento De Arboles Frutale Y Arboles Aislados Otros Cultivos Agricolas Permanentes,Agricola Y Ganadero,IV,2026-02-26,2026-03-20,2026-03-20,2026-04-09,2026-04-28,40.0,Opinion Tecnica,1,0,1,Ceiba,0,0,0.35,0.35,-881126.5,133600.2,26395.53,-88.19069444444445,13.600055555555555
,RIV SM 126 2026,IV,San miguel,San miguel,San jacinto,Edgar Antonio Rivera Merlos,,,San Miguel,Juan Francisco Alfaro,Aprovechamiento De Arboles Frutale Y Arboles Aislados Otros Cultivos Agricolas Permanentes,Agricola Y Ganadero,IV,2026-02-26,2026-03-20,2026-03-20,2026-04-09,2026-04-28,40.0,Opinion Tecnica,1,0,1,Caulote,0,0,0.08,0.08,-881126.9,133600.6,26395.53,-88.19080555555556,13.600166666666667
37.0,RIV SM 144 2026,IV,Usulutan,Jucuaran,El llano,Virginia Del Carmen Rivera Viuda De Martinez,,1.0,San Miguel,Juan Francisco Alfaro,Aprovechamiento De Arboles Dañados O Derribados Por Causas Naturales                                  ,Agricola Y Ganadero,IV,2026-02-26,2026-02-27,2026-02-27,2026-03-06,2026-04-09,30.0,Opinion Tecnica,1,0,1,Conacaste negro,4.75,0.92,0.95,6.62,-881458.8,131406.3,16900,-88.24966666666667,13.235083333333332
38.0,RIV SM 152 2026,IV,La union,Pasaquina,Valle afuera,Mauro Andres Majano,1.0,,San Miguel,Juan Francisco Alfaro,Aprovechamiento De Arboles Con Peligro Daños A Vidas O Infraestructura      ,Patio De La Casa,IV,2026-04-09,2026-04-22,2026-04-22,2026-04-24,2026-04-29,45.0,Opinion Tecnica,1,0,1,Conacaste negro,5.28,2.26,1.1,8.64,--874754.4,133227.6,175000.04,-87.79844444444444,13.541
39.0,RIV SM 353 2026,IV,Morazan,El divisadero,San pedro carrizal,Jose Narciso Alvarez Flores,1.0,,San Miguel,Juan Francisco Alfaro,Aprovechamiento De Arboles Frutales Y Arboles Aislados Otros Cultivos Agricolas Permanentes ,Solar De Vivienda,IV,2026-04-29,2026-04-29,2026-04-29,2026-04-29,2026-04-30,30.0,Opinion Tecnica,1,0,1,Conacaste negro,1.68,0,1.1,2.7800000000000002,-880541.5,133517.3,11232,-88.0948611111111,13.58813888888889
40.0,RIV SM 171 2026,IV,San miguel,Lolotique,Valencia,Narciso Batres Herrera,1.0,,San Miguel ,Juan Francisco Alfaro,Aprovechamiento De Arboles Frutales Y Arboles Aislados Otros Cultivos Agricolas Permanentes,Agricola Y Ganadero,IV,2026-03-16,2026-04-10,2026-04-10,2026-04-17,2026-04-30,30.0,Opinion Tecnica,2,0,2,Laurel,1.69,0.2,0.3,2.19,-882000.7,133313.8,43300,-88.33352777777777,13.553833333333333
,RIV SM 171 2026,IV,San miguel,Lolotique,Valencia,Narciso Batres Herrera,,,San Miguel ,Juan Francisco Alfaro,Aprovechamiento De Arboles Frutales Y Arboles Aislados Otros Cultivos Agricolas Permanentes,Agricola Y Ganadero,IV,2026-03-16,2026-04-10,2026-04-10,2026-04-17,2026-04-30,30.0,Opinion Tecnica,1,0,1,Conacaste negro,4.58,1.25,0.79,6.62,-882002.3,133314.2,2843.3,-88.33397222222222,13.553944444444445
41.0,RIV SM 357 2026,IV,Usulután ,Berlin ,El tablon,Juan Pablo Mejia Mejia,1.0,,San Miguel,Juan Francisco Alfaro,Aprovechamiento De Arboles En Cafetales,Cafetal Sin Manejo,IV,2026-04-09,2026-04-23,2026-04-23,2026-04-29,2026-04-30,40.0,Opinion Tecnica,1,0,1,Conacaste negro,10.45,3.81,1.1,15.36,-883342.4,133059.4,3498.48,-88.56177777777778,13.5165
,RIV SM 357 2026,IV,Usulután ,Berlin ,El tablon,Juan Pablo Mejia Mejia,,,San Miguel,Juan Francisco Alfaro,Aprovechamiento De Arboles En Cafetales,Cafetal Sin Manejo,IV,2026-04-09,2026-04-23,2026-04-23,2026-04-29,2026-04-30,40.0,Opinion Tecnica,7,0,7,Laurel,7.18,0,1.2,8.379999999999999,-883342,133059.4,3498.48,-88.56166666666667,13.5165
42.0,RIV SM 351 2026,IV,Usulután ,Berlin,San felipe,Santos Nicolas Medina Rodriguez,1.0,,San Miguel,Juan Francisco Alfaro,Aprovechamiento De Arboles En Cafetales,Cafetal Sin Manejo,IV,2026-04-21,2026-04-24,2026-04-24,2026-04-29,2026-04-30,40.0,Opinion Tecnica,1,0,1,Conacaste negro,7.11,0.78,1.1,8.99,-883355.7,133042.2,3498.52,-88.56547222222223,13.511722222222222
43.0,RIV SM 354 2026,IV,Usulután ,Santiago de maria,Llano grande,Jose Arnoldo Castro Rodriguez,1.0,,San Miguel,Juan Francisco Alfaro,Aprovechamiento De Arboles En Cafetales,Cafetal Sin Manejo,IV,2026-04-09,2026-04-22,2026-04-22,2026-04-29,2026-05-04,40.0,Opinion Tecnica,4,0,4,Conacaste negro,15.61,20.39,4.3,40.3,-882547.8,133032.6,401493,-88.42994444444444,13.509055555555555
,RIV SM 354 2026,IV,Usulután ,Santiago de maria,Llano grande,Jose Arnoldo Castro Rodriguez,,,San Miguel,Juan Francisco Alfaro,Aprovechamiento De Arboles En Cafetales,Cafetal Sin Manejo,IV,2026-04-09,2026-04-22,2026-04-22,2026-04-29,2026-05-04,40.0,Opinion Tecnica,20,0,20,Laurel,7.85,0,2.64,10.49,-882550.7,133029.2,401493,-88.43075,13.508111111111111
44.0,RIV SM 300 2026,IV,La union,Bolivar,Guadalupe,Jose Mauricio Buruca Escobar,1.0,,San Miguel,Juan Francisco Alfaro,Aprovechamiento De Arboles Con Peligro Daños Vidas O Infraestructura,Patio De La Casa,IV,2026-04-10,2026-04-22,2026-04-22,2026-04-23,2026-05-04,45.0,Opinion Tecnica,1,0,1,Conacaste negro,7.03,2.09,1.1,10.22,--875759.3,133447.2,17262.04,-87.96647222222222,13.579777777777778
45.0,RIV SM 356 2026,IV,Morazan,San carlos,San marcos,Estanislao Perez Ponce,1.0,,San Miguel,Juan Francisco Alfaro,Aprovechamiento De Arboles Frutales Y Arboles Aislados Otros Cultivos Agricolas Permanentes,Solar De Vivienda,IV,2026-04-30,2026-04-30,2026-04-30,2026-04-30,2026-05-04,30.0,Opinion Tecnica,1,0,1,Conacaste negro,0,0,4.52,4.52,-880702.7,133701.7,435.29,-88.11741666666666,13.61713888888889
46.0,RIV SM 157 2026,IV,San miguel,San miguel,El amate,Marisol De Los Angeles Cortez Mendez,,1.0,San Miguel ,Juan Francisco Alfaro,Aprovechamiento De Arboles Con Peligro Daños Vidas O Infraestructura,Agricola Y Ganadero,IV,2026-03-08,2026-03-20,2026-03-20,2026-04-08,2026-05-06,30.0,Opinion Tecnica,1,0,1,Conacaste negro,3.76,0.99,0.45,5.2,-881427.5,132753.4,721,-88.24097222222223,13.464833333333333
47.0,RIV SM 143 2026,IV,Morazan,Jocoro,La majada,Fidel Antonio Lazo Flores,1.0,,San Miguel,Juan Francisco Alfaro,Aprovechamiento De Arboles Frutales Y Arboles Aislados Otros Cultivos Agricolas,Agricola Y Ganadero,IV,2026-04-24,2026-05-04,2026-05-04,2026-05-05,2026-05-06,40.0,Opinion Tecnica,12,0,12,Quebracho,0,0,6.47,6.47,-880156.8,133749.1,81835.4,-88.03244444444444,13.630305555555555
48.0,RIV SM 317 2026,IV,Usulutan,Jucuapa,El amaton,Blanca Marina Machuca Viuda De Martinez,,1.0,San Miguel,Juan Francisco Alfaro,Aprovechamiento De Arboles En Cafetales,Cafetal Sin Manejo,IV,2026-04-08,2026-04-10,2026-04-10,2026-04-16,2026-04-20,30.0,Opinion Tecnica,1,0,1,Conacaste negro,10.91,2.88,1.25,15.04,-882418.2,133017.9,5850.1,-88.40505555555556,13.504972222222221
49.0,RIV SM 498 2025,IV,La union,Anamoros,Tulima,Francisco Antonio Lazo,1.0,,San Miguel,Juan Francisco Alfaro,Aprovechamiento De Arboles Frutales Y Arboles Aislados Otros Cultivos Agricolas Permanentes,Pastizal Pecuario,IV,2025-09-01,2025-09-12,2025-09-12,2025-10-13,2026-05-07,30.0,Autorización,1,0,1,Caoba,0.79,0.36,0.4,1.5499999999999998,-875202.7,134152.9,21000.1,-87.86741666666666,13.698027777777778
50.0,RIV SM 351 2026,IV,Morazan,San carlos,San marcos,Carolina Lisseth Argueta Perez,,1.0,San Miguel,Juan Francisco Alfaro,Aprovechamiento De Arboles Con Peligro Daños A Vidas O Infraestructura,Pastizal Pecuario,IV,2026-04-21,2026-05-12,2026-05-12,2026-05-14,2026-05-18,30.0,Opinion Tecnica,3,0,3,Conacaste negro,1.87,0,1.05,2.92,-880610.4,133826.1,337.376,-88.10288888888888,13.640583333333334
51.0,RIV SM 373 2026,IV,Morazan,Jocoro,Las marias,Fidel Antonio Bonilla,1.0,,San Miguel,Juan Francisco Alfaro,Aprovechamiento De Arboles Frutales Y Arboles Aislados Otros Cultivos Agricolas Permanentes,Agricola Y Ganadero,IV,2026-04-22,2026-05-06,2026-05-06,2026-05-14,2026-05-18,30.0,Opinion Tecnica,2,0,2,Conacaste negro,6.52,0,2.1,8.62,--875854.3,133655.2,38500,-87.98175,13.615333333333332
52.0,RIV SM 406 2026,IV,Usulutan,Santiago de maria,Santa gema,Ana Elizabeth Catalina Cerna De Ramirez,,1.0,San Miguel,Juan Francisco Alfaro,Aprovechamiento De Arboles Con Peligro Daños Vidas O Infraestructura,Lote Baldio,IV,2025-08-07,2026-04-27,2026-04-27,2026-04-28,2026-05-20,30.0,Opinion Tecnica,5,0,5,Laurel,3.76,0,0.82,4.58,"-88ª28""38.2""","13ª28""37.6""",335,-88.47727777777779,13.47711111111111
